INSERT INTO `airbnb`.`city` (`id`, `name`, `url`, `img_name`) VALUES ('1', 'Amsterdam', 'http://cache-graphicslib.viator.com/graphicslib/thumbs674x446/2550/SITours/zaanse-schans-windmills-marken-and-volendam-half-day-trip-from-in-amsterdam-115708.jpg', 'Amsterdam.jpg');
INSERT INTO `airbnb`.`city` (`id`, `name`, `url`, `img_name`) VALUES ('2', 'Athens', 'http://www.cornerstone-group.com/wp-content/uploads/2013/05/EMEA-athens.jpg', 'Athens.jpg');
INSERT INTO `airbnb`.`city` (`id`, `name`, `url`, `img_name`) VALUES ('3', 'Atlantic city', 'http://meetinac.com/sites/default/files/photogallery/images/dae9338e-4a22-482f-944d-badf8d0526fa.jpg', 'Atlantic city.jpg');
INSERT INTO `airbnb`.`city` (`id`, `name`, `url`, `img_name`) VALUES ('4', 'Baltimore', 'http://o.aolcdn.com/hss/storage/adam/e63304012914f42031f9ae226b3d66ce/Tall-Ships-Baltimore-600jm103013.jpg', 'Baltimore.jpg');
INSERT INTO `airbnb`.`city` (`id`, `name`, `url`, `img_name`) VALUES ('5', 'Berlin', 'http://4.bp.blogspot.com/-6PTt41MEin4/TraOefwfPkI/AAAAAAAACAw/UVE7ttj0M9s/s1600/berlin.png', 'Berlin.png');
INSERT INTO `airbnb`.`city` (`id`, `name`, `url`, `img_name`) VALUES ('6', 'Dublin', 'http://media.travmonkey.com/wp-content/uploads/2011/11/temple-bar-dublin.jpg', 'Dublin.jpg');
INSERT INTO `airbnb`.`city` (`id`, `name`, `url`, `img_name`) VALUES ('7', 'Istambul', 'https://a0.muscache.com/ic/discover/314?interpolation=lanczos-none&output-format=jpg&output-quality=70&v=33b4f2&downsize=326px:326px', 'Istambul.jpg');
INSERT INTO `airbnb`.`city` (`id`, `name`, `url`, `img_name`) VALUES ('8', 'London', 'http://collections.uiowa.edu/web-images/internationalPrograms/ofsa/3026/program/Big%20Ben%20London.jpg', 'London.jpg');
INSERT INTO `airbnb`.`city` (`id`, `name`, `url`, `img_name`) VALUES ('9', 'Melbourne', 'https://www.yha.com.au/uploadedImages/Content/en/Australian_Hostels/VIC/Melbourne/Melbourne_Metro/melbourne-metro-yha-rooftop-sunset.jpg?preset=carousel-full', 'Melbourne.jpg');
INSERT INTO `airbnb`.`city` (`id`, `name`, `url`, `img_name`) VALUES ('10', 'Milan', 'https://a0.muscache.com/ic/discover/57?interpolation=lanczos-none&output-format=jpg&output-quality=70&v=33b4f2&downsize=326px:326px', 'Milan.jpg');
INSERT INTO `airbnb`.`city` (`id`, `name`, `url`, `img_name`) VALUES ('11', 'New York', 'https://media.timeout.com/images/101705313/image.jpg', 'New York.jpg');
INSERT INTO `airbnb`.`city` (`id`, `name`, `url`, `img_name`) VALUES ('12', 'Nice', 'https://www.europcar.com/files/live/sites/seo/files/contributed/images/location%20images/corporate%20countries/France%20resized/nice-1160x400.jpg', 'Nice.jpg');
INSERT INTO `airbnb`.`city` (`id`, `name`, `url`, `img_name`) VALUES ('13', 'Oslo', 'http://www.visitoslo.com/Images/Bilder%20Oslo/Aktiviteter/Tryvann%20bakke.jpg?t=ScaleToFill%7C1450x720&ts=XR6FiSa%2FeaiHUgPtgk4Zotign4k%3D', 'Oslo.jpg');
INSERT INTO `airbnb`.`city` (`id`, `name`, `url`, `img_name`) VALUES ('14', 'Paris', 'https://a1.muscache.com/ic/discover/396?interpolation=lanczos-none&output-format=jpg&output-quality=70&v=33b4f2&downsize=326px:326px', 'Paris.jpg');
INSERT INTO `airbnb`.`city` (`id`, `name`, `url`, `img_name`) VALUES ('15', 'Prague', 'http://www.telegraph.co.uk/travel/destination/czechrepublic/prague/article146790.ece/ALTERNATES/w460/charles-bridge-prague.jpg', 'Prague.jpg');
INSERT INTO `airbnb`.`city` (`id`, `name`, `url`, `img_name`) VALUES ('16', 'Rome', 'https://a0.muscache.com/ic/discover/290?interpolation=lanczos-none&output-format=jpg&output-quality=70&v=33b4f2&downsize=326px:326px', 'Rome.jpg');
INSERT INTO `airbnb`.`city` (`id`, `name`, `url`, `img_name`) VALUES ('17', 'San Francisco', 'https://upload.wikimedia.org/wikipedia/commons/7/75/San_Francisco_China_Town_MC.jpg', 'San Francisco.jpg');
INSERT INTO `airbnb`.`city` (`id`, `name`, `url`, `img_name`) VALUES ('18', 'Stockholm', 'http://payload81.cargocollective.com/1/5/170659/3923586/Stockholm_012_1200.jpg', 'Stockholm.jpg');
INSERT INTO `airbnb`.`city` (`id`, `name`, `url`, `img_name`) VALUES ('19', 'Sydney', 'http://www.allianceabroad.com/wp-content/uploads/sydney_harbour.jpg', 'Sydney.jpg');
INSERT INTO `airbnb`.`city` (`id`, `name`, `url`, `img_name`) VALUES ('20', 'Tokyo', 'http://www.besthotels.com/wp-content/uploads/2011/12/seasonal-spring-tokyo-580.jpg', 'Tokyo.jpg');
INSERT INTO `airbnb`.`city` (`id`, `name`, `url`, `img_name`) VALUES ('21', 'Venice', 'http://cdn.richestlifestyle.com/wp-content/uploads/2014/05/gondola-ride-Venice.jpg', 'Venice.jpg');
INSERT INTO `airbnb`.`user` (`id`, `type`, `name`, `surname`, `email`, `password`) VALUES ('1', 'client', 'Yura', 'Petruk', 'yura.petruk@gmail.com', 'password');
INSERT INTO `airbnb`.`user` (`id`, `type`, `name`, `surname`, `email`, `password`) VALUES ('2', 'client', 'Igor', 'Lebedyuk', 'igor.lebedyuk@gmail.com', 'password');
INSERT INTO `airbnb`.`user` (`id`, `type`, `name`, `surname`, `email`, `password`) VALUES ('3', 'client', 'Sergey', 'Nemchinskiy', 'sergey.nemchinskiy@gmail.com', 'password');
INSERT INTO `airbnb`.`user` (`id`, `type`, `name`, `surname`, `email`, `password`) VALUES ('4', 'client', 'Dima', 'Mitin', 'dima.mitin@gmail.com', 'password');
INSERT INTO `airbnb`.`user` (`id`, `type`, `name`, `surname`, `email`, `password`) VALUES ('5', 'client', 'Lena', 'Oleshko', 'lena.olechko@gmail.com', 'password');
INSERT INTO `airbnb`.`user` (`id`, `type`, `name`, `surname`, `email`, `password`) VALUES ('6', 'client', 'Alexey', 'Stepanov', 'alexey.stepanov@gmail.com', 'password');
INSERT INTO `airbnb`.`user` (`id`, `type`, `name`, `surname`, `email`, `password`) VALUES ('7', 'client', 'Alexey', 'Stepanov', 'alexey.stepanov@gmail.com', 'password');
INSERT INTO `airbnb`.`user` (`id`, `type`, `name`, `surname`, `email`, `password`) VALUES ('8', 'client', 'asd', 'asd', 'ads@asd.com', 'password');
INSERT INTO `airbnb`.`user` (`id`, `type`, `name`, `surname`, `email`, `password`) VALUES ('9', 'client', 'uuu', 'uuu', 'uuu@uuu.com', 'password');
INSERT INTO `airbnb`.`user` (`id`, `type`, `name`, `surname`, `email`, `password`) VALUES ('10', 'client', 'oo', 'oo', 'll@gmail.com', 'password');
INSERT INTO `airbnb`.`apartment` (`id`, `apartment_description`, `type`, `number_of_guests`, `price`, `user_id`, `city_id`) VALUES ('1', 'Nice room in city center', 'room', '2', '20', '2', '1');
INSERT INTO `airbnb`.`apartment` (`id`, `apartment_description`, `type`, `number_of_guests`, `price`, `user_id`, `city_id`) VALUES ('2', 'Room near city garden', 'room', '2', '22', '2', '1');
INSERT INTO `airbnb`.`apartment` (`id`, `apartment_description`, `type`, `number_of_guests`, `price`, `user_id`, `city_id`) VALUES ('3', 'Apartment for 3 guests', 'apartment', '3', '30', '2', '1');
INSERT INTO `airbnb`.`apartment` (`id`, `apartment_description`, `type`, `number_of_guests`, `price`, `user_id`, `city_id`) VALUES ('4', 'Big beautiful apartment', 'apartment', '4', '35', '3', '1');
INSERT INTO `airbnb`.`apartment` (`id`, `apartment_description`, `type`, `number_of_guests`, `price`, `user_id`, `city_id`) VALUES ('5', 'Apartment for 4 guests near the central street', 'apartment', '4', '36', '3', '1');
INSERT INTO `airbnb`.`apartment` (`id`, `apartment_description`, `type`, `number_of_guests`, `price`, `user_id`, `city_id`) VALUES ('6', 'Place for a night for travellers', 'place', '1', '10', '3', '1');
INSERT INTO `airbnb`.`apartment` (`id`, `apartment_description`, `type`, `number_of_guests`, `price`, `user_id`, `city_id`) VALUES ('7', 'Nice place to stay', 'place', '1', '14', '4', '1');
INSERT INTO `airbnb`.`apartment` (`id`, `apartment_description`, `type`, `number_of_guests`, `price`, `user_id`, `city_id`) VALUES ('8', 'Room for 1 person', 'room', '1', '20', '4', '1');
INSERT INTO `airbnb`.`apartment` (`id`, `apartment_description`, `type`, `number_of_guests`, `price`, `user_id`, `city_id`) VALUES ('9', 'Nice room in city center', 'room', '2', '20', '2', '2');
INSERT INTO `airbnb`.`apartment` (`id`, `apartment_description`, `type`, `number_of_guests`, `price`, `user_id`, `city_id`) VALUES ('10', 'Room near city garden', 'room', '2', '22', '2', '2');
INSERT INTO `airbnb`.`apartment` (`id`, `apartment_description`, `type`, `number_of_guests`, `price`, `user_id`, `city_id`) VALUES ('11', 'Apartment for 3 guests', 'apartment', '3', '30', '2', '2');
INSERT INTO `airbnb`.`apartment` (`id`, `apartment_description`, `type`, `number_of_guests`, `price`, `user_id`, `city_id`) VALUES ('12', 'Big beautiful apartment', 'apartment', '4', '35', '3', '2');
INSERT INTO `airbnb`.`apartment` (`id`, `apartment_description`, `type`, `number_of_guests`, `price`, `user_id`, `city_id`) VALUES ('13', 'Apartment for 4 guests near the central street', 'apartment', '4', '36', '3', '2');
INSERT INTO `airbnb`.`apartment` (`id`, `apartment_description`, `type`, `number_of_guests`, `price`, `user_id`, `city_id`) VALUES ('14', 'Place for a night for travellers', 'place', '1', '10', '3', '2');
INSERT INTO `airbnb`.`apartment` (`id`, `apartment_description`, `type`, `number_of_guests`, `price`, `user_id`, `city_id`) VALUES ('15', 'Nice place to stay', 'place', '1', '14', '4', '2');
INSERT INTO `airbnb`.`apartment` (`id`, `apartment_description`, `type`, `number_of_guests`, `price`, `user_id`, `city_id`) VALUES ('16', 'Room for 1 person', 'room', '1', '20', '4', '2');
INSERT INTO `airbnb`.`apartment` (`id`, `apartment_description`, `type`, `number_of_guests`, `price`, `user_id`, `city_id`) VALUES ('17', 'Nice room in city center', 'room', '2', '20', '2', '3');
INSERT INTO `airbnb`.`apartment` (`id`, `apartment_description`, `type`, `number_of_guests`, `price`, `user_id`, `city_id`) VALUES ('18', 'Room near city garden', 'room', '2', '22', '2', '3');
INSERT INTO `airbnb`.`apartment` (`id`, `apartment_description`, `type`, `number_of_guests`, `price`, `user_id`, `city_id`) VALUES ('19', 'Apartment for 3 guests', 'apartment', '3', '30', '2', '3');
INSERT INTO `airbnb`.`apartment` (`id`, `apartment_description`, `type`, `number_of_guests`, `price`, `user_id`, `city_id`) VALUES ('20', 'Big beautiful apartment', 'apartment', '4', '35', '3', '3');
INSERT INTO `airbnb`.`apartment` (`id`, `apartment_description`, `type`, `number_of_guests`, `price`, `user_id`, `city_id`) VALUES ('21', 'Apartment for 4 guests near the central street', 'apartment', '4', '36', '3', '3');
INSERT INTO `airbnb`.`apartment` (`id`, `apartment_description`, `type`, `number_of_guests`, `price`, `user_id`, `city_id`) VALUES ('22', 'Place for a night for travellers', 'place', '1', '10', '3', '3');
INSERT INTO `airbnb`.`apartment` (`id`, `apartment_description`, `type`, `number_of_guests`, `price`, `user_id`, `city_id`) VALUES ('23', 'Nice place to stay', 'place', '1', '14', '4', '3');
INSERT INTO `airbnb`.`apartment` (`id`, `apartment_description`, `type`, `number_of_guests`, `price`, `user_id`, `city_id`) VALUES ('24', 'Room for 1 person', 'room', '1', '20', '4', '3');
INSERT INTO `airbnb`.`apartment` (`id`, `apartment_description`, `type`, `number_of_guests`, `price`, `user_id`, `city_id`) VALUES ('25', 'Nice room in city center', 'room', '2', '20', '2', '4');
INSERT INTO `airbnb`.`apartment` (`id`, `apartment_description`, `type`, `number_of_guests`, `price`, `user_id`, `city_id`) VALUES ('26', 'Room near city garden', 'room', '2', '22', '2', '4');
INSERT INTO `airbnb`.`apartment` (`id`, `apartment_description`, `type`, `number_of_guests`, `price`, `user_id`, `city_id`) VALUES ('27', 'Apartment for 3 guests', 'apartment', '3', '30', '2', '4');
INSERT INTO `airbnb`.`apartment` (`id`, `apartment_description`, `type`, `number_of_guests`, `price`, `user_id`, `city_id`) VALUES ('28', 'Big beautiful apartment', 'apartment', '4', '35', '3', '4');
INSERT INTO `airbnb`.`apartment` (`id`, `apartment_description`, `type`, `number_of_guests`, `price`, `user_id`, `city_id`) VALUES ('29', 'Apartment for 4 guests near the central street', 'apartment', '4', '36', '3', '4');
INSERT INTO `airbnb`.`apartment` (`id`, `apartment_description`, `type`, `number_of_guests`, `price`, `user_id`, `city_id`) VALUES ('30', 'Place for a night for travellers', 'place', '1', '10', '3', '4');
INSERT INTO `airbnb`.`apartment` (`id`, `apartment_description`, `type`, `number_of_guests`, `price`, `user_id`, `city_id`) VALUES ('31', 'Nice place to stay', 'place', '1', '14', '4', '4');
INSERT INTO `airbnb`.`apartment` (`id`, `apartment_description`, `type`, `number_of_guests`, `price`, `user_id`, `city_id`) VALUES ('32', 'Room for 1 person', 'room', '1', '20', '4', '4');
INSERT INTO `airbnb`.`apartment` (`id`, `apartment_description`, `type`, `number_of_guests`, `price`, `user_id`, `city_id`) VALUES ('33', 'Nice room in city center', 'room', '2', '20', '2', '5');
INSERT INTO `airbnb`.`apartment` (`id`, `apartment_description`, `type`, `number_of_guests`, `price`, `user_id`, `city_id`) VALUES ('34', 'Room near city garden', 'room', '2', '22', '2', '5');
INSERT INTO `airbnb`.`apartment` (`id`, `apartment_description`, `type`, `number_of_guests`, `price`, `user_id`, `city_id`) VALUES ('35', 'Apartment for 3 guests', 'apartment', '3', '30', '2', '5');
INSERT INTO `airbnb`.`apartment` (`id`, `apartment_description`, `type`, `number_of_guests`, `price`, `user_id`, `city_id`) VALUES ('36', 'Big beautiful apartment', 'apartment', '4', '35', '3', '5');
INSERT INTO `airbnb`.`apartment` (`id`, `apartment_description`, `type`, `number_of_guests`, `price`, `user_id`, `city_id`) VALUES ('37', 'Apartment for 4 guests near the central street', 'apartment', '4', '36', '3', '5');
INSERT INTO `airbnb`.`apartment` (`id`, `apartment_description`, `type`, `number_of_guests`, `price`, `user_id`, `city_id`) VALUES ('38', 'Place for a night for travellers', 'place', '1', '10', '3', '5');
INSERT INTO `airbnb`.`apartment` (`id`, `apartment_description`, `type`, `number_of_guests`, `price`, `user_id`, `city_id`) VALUES ('39', 'Nice place to stay', 'place', '1', '14', '4', '5');
INSERT INTO `airbnb`.`apartment` (`id`, `apartment_description`, `type`, `number_of_guests`, `price`, `user_id`, `city_id`) VALUES ('40', 'Room for 1 person', 'room', '1', '20', '4', '5');
INSERT INTO `airbnb`.`apartment` (`id`, `apartment_description`, `type`, `number_of_guests`, `price`, `user_id`, `city_id`) VALUES ('41', 'Nice room in city center', 'room', '2', '20', '2', '6');
INSERT INTO `airbnb`.`apartment` (`id`, `apartment_description`, `type`, `number_of_guests`, `price`, `user_id`, `city_id`) VALUES ('42', 'Room near city garden', 'room', '2', '22', '2', '6');
INSERT INTO `airbnb`.`apartment` (`id`, `apartment_description`, `type`, `number_of_guests`, `price`, `user_id`, `city_id`) VALUES ('43', 'Apartment for 3 guests', 'apartment', '3', '30', '2', '6');
INSERT INTO `airbnb`.`apartment` (`id`, `apartment_description`, `type`, `number_of_guests`, `price`, `user_id`, `city_id`) VALUES ('44', 'Big beautiful apartment', 'apartment', '4', '35', '3', '6');
INSERT INTO `airbnb`.`apartment` (`id`, `apartment_description`, `type`, `number_of_guests`, `price`, `user_id`, `city_id`) VALUES ('45', 'Apartment for 4 guests near the central street', 'apartment', '4', '36', '3', '6');
INSERT INTO `airbnb`.`apartment` (`id`, `apartment_description`, `type`, `number_of_guests`, `price`, `user_id`, `city_id`) VALUES ('46', 'Place for a night for travellers', 'place', '1', '10', '3', '6');
INSERT INTO `airbnb`.`apartment` (`id`, `apartment_description`, `type`, `number_of_guests`, `price`, `user_id`, `city_id`) VALUES ('47', 'Nice place to stay', 'place', '1', '14', '4', '6');
INSERT INTO `airbnb`.`apartment` (`id`, `apartment_description`, `type`, `number_of_guests`, `price`, `user_id`, `city_id`) VALUES ('48', 'Room for 1 person', 'room', '1', '20', '4', '6');
INSERT INTO `airbnb`.`apartment` (`id`, `apartment_description`, `type`, `number_of_guests`, `price`, `user_id`, `city_id`) VALUES ('49', 'Nice room in city center', 'room', '2', '20', '2', '7');
INSERT INTO `airbnb`.`apartment` (`id`, `apartment_description`, `type`, `number_of_guests`, `price`, `user_id`, `city_id`) VALUES ('50', 'Room near city garden', 'room', '2', '22', '2', '7');
INSERT INTO `airbnb`.`apartment` (`id`, `apartment_description`, `type`, `number_of_guests`, `price`, `user_id`, `city_id`) VALUES ('51', 'Apartment for 3 guests', 'apartment', '3', '30', '2', '7');
INSERT INTO `airbnb`.`apartment` (`id`, `apartment_description`, `type`, `number_of_guests`, `price`, `user_id`, `city_id`) VALUES ('52', 'Big beautiful apartment', 'apartment', '4', '35', '3', '7');
INSERT INTO `airbnb`.`apartment` (`id`, `apartment_description`, `type`, `number_of_guests`, `price`, `user_id`, `city_id`) VALUES ('53', 'Apartment for 4 guests near the central street', 'apartment', '4', '36', '3', '7');
INSERT INTO `airbnb`.`apartment` (`id`, `apartment_description`, `type`, `number_of_guests`, `price`, `user_id`, `city_id`) VALUES ('54', 'Place for a night for travellers', 'place', '1', '10', '3', '7');
INSERT INTO `airbnb`.`apartment` (`id`, `apartment_description`, `type`, `number_of_guests`, `price`, `user_id`, `city_id`) VALUES ('55', 'Nice place to stay', 'place', '1', '14', '4', '7');
INSERT INTO `airbnb`.`apartment` (`id`, `apartment_description`, `type`, `number_of_guests`, `price`, `user_id`, `city_id`) VALUES ('56', 'Room for 1 person', 'room', '1', '20', '4', '7');
INSERT INTO `airbnb`.`apartment` (`id`, `apartment_description`, `type`, `number_of_guests`, `price`, `user_id`, `city_id`) VALUES ('57', 'Nice room in city center', 'room', '2', '20', '2', '8');
INSERT INTO `airbnb`.`apartment` (`id`, `apartment_description`, `type`, `number_of_guests`, `price`, `user_id`, `city_id`) VALUES ('58', 'Room near city garden', 'room', '2', '22', '2', '8');
INSERT INTO `airbnb`.`apartment` (`id`, `apartment_description`, `type`, `number_of_guests`, `price`, `user_id`, `city_id`) VALUES ('59', 'Apartment for 3 guests', 'apartment', '3', '30', '2', '8');
INSERT INTO `airbnb`.`apartment` (`id`, `apartment_description`, `type`, `number_of_guests`, `price`, `user_id`, `city_id`) VALUES ('60', 'Big beautiful apartment', 'apartment', '4', '35', '3', '8');
INSERT INTO `airbnb`.`apartment` (`id`, `apartment_description`, `type`, `number_of_guests`, `price`, `user_id`, `city_id`) VALUES ('61', 'Apartment for 4 guests near the central street', 'apartment', '4', '36', '3', '8');
INSERT INTO `airbnb`.`apartment` (`id`, `apartment_description`, `type`, `number_of_guests`, `price`, `user_id`, `city_id`) VALUES ('62', 'Place for a night for travellers', 'place', '1', '10', '3', '8');
INSERT INTO `airbnb`.`apartment` (`id`, `apartment_description`, `type`, `number_of_guests`, `price`, `user_id`, `city_id`) VALUES ('63', 'Nice place to stay', 'place', '1', '14', '4', '8');
INSERT INTO `airbnb`.`apartment` (`id`, `apartment_description`, `type`, `number_of_guests`, `price`, `user_id`, `city_id`) VALUES ('64', 'Room for 1 person', 'room', '1', '20', '4', '8');
INSERT INTO `airbnb`.`apartment` (`id`, `apartment_description`, `type`, `number_of_guests`, `price`, `user_id`, `city_id`) VALUES ('65', 'Nice room in city center', 'room', '2', '20', '2', '9');
INSERT INTO `airbnb`.`apartment` (`id`, `apartment_description`, `type`, `number_of_guests`, `price`, `user_id`, `city_id`) VALUES ('66', 'Room near city garden', 'room', '2', '22', '2', '9');
INSERT INTO `airbnb`.`apartment` (`id`, `apartment_description`, `type`, `number_of_guests`, `price`, `user_id`, `city_id`) VALUES ('67', 'Apartment for 3 guests', 'apartment', '3', '30', '2', '9');
INSERT INTO `airbnb`.`apartment` (`id`, `apartment_description`, `type`, `number_of_guests`, `price`, `user_id`, `city_id`) VALUES ('68', 'Big beautiful apartment', 'apartment', '4', '35', '3', '9');
INSERT INTO `airbnb`.`apartment` (`id`, `apartment_description`, `type`, `number_of_guests`, `price`, `user_id`, `city_id`) VALUES ('69', 'Apartment for 4 guests near the central street', 'apartment', '4', '36', '3', '9');
INSERT INTO `airbnb`.`apartment` (`id`, `apartment_description`, `type`, `number_of_guests`, `price`, `user_id`, `city_id`) VALUES ('70', 'Place for a night for travellers', 'place', '1', '10', '3', '9');
INSERT INTO `airbnb`.`apartment` (`id`, `apartment_description`, `type`, `number_of_guests`, `price`, `user_id`, `city_id`) VALUES ('71', 'Nice place to stay', 'place', '1', '14', '4', '9');
INSERT INTO `airbnb`.`apartment` (`id`, `apartment_description`, `type`, `number_of_guests`, `price`, `user_id`, `city_id`) VALUES ('72', 'Room for 1 person', 'room', '1', '20', '4', '9');
INSERT INTO `airbnb`.`apartment` (`id`, `apartment_description`, `type`, `number_of_guests`, `price`, `user_id`, `city_id`) VALUES ('73', 'Nice room in city center', 'room', '2', '20', '2', '10');
INSERT INTO `airbnb`.`apartment` (`id`, `apartment_description`, `type`, `number_of_guests`, `price`, `user_id`, `city_id`) VALUES ('74', 'Room near city garden', 'room', '2', '22', '2', '10');
INSERT INTO `airbnb`.`apartment` (`id`, `apartment_description`, `type`, `number_of_guests`, `price`, `user_id`, `city_id`) VALUES ('75', 'Apartment for 3 guests', 'apartment', '3', '30', '2', '10');
INSERT INTO `airbnb`.`apartment` (`id`, `apartment_description`, `type`, `number_of_guests`, `price`, `user_id`, `city_id`) VALUES ('76', 'Big beautiful apartment', 'apartment', '4', '35', '3', '10');
INSERT INTO `airbnb`.`apartment` (`id`, `apartment_description`, `type`, `number_of_guests`, `price`, `user_id`, `city_id`) VALUES ('77', 'Apartment for 4 guests near the central street', 'apartment', '4', '36', '3', '10');
INSERT INTO `airbnb`.`apartment` (`id`, `apartment_description`, `type`, `number_of_guests`, `price`, `user_id`, `city_id`) VALUES ('78', 'Place for a night for travellers', 'place', '1', '10', '3', '10');
INSERT INTO `airbnb`.`apartment` (`id`, `apartment_description`, `type`, `number_of_guests`, `price`, `user_id`, `city_id`) VALUES ('79', 'Nice place to stay', 'place', '1', '14', '4', '10');
INSERT INTO `airbnb`.`apartment` (`id`, `apartment_description`, `type`, `number_of_guests`, `price`, `user_id`, `city_id`) VALUES ('80', 'Room for 1 person', 'room', '1', '20', '4', '10');
INSERT INTO `airbnb`.`apartment` (`id`, `apartment_description`, `type`, `number_of_guests`, `price`, `user_id`, `city_id`) VALUES ('81', 'Nice room in city center', 'room', '2', '20', '2', '11');
INSERT INTO `airbnb`.`apartment` (`id`, `apartment_description`, `type`, `number_of_guests`, `price`, `user_id`, `city_id`) VALUES ('82', 'Room near city garden', 'room', '2', '22', '2', '11');
INSERT INTO `airbnb`.`apartment` (`id`, `apartment_description`, `type`, `number_of_guests`, `price`, `user_id`, `city_id`) VALUES ('83', 'Apartment for 3 guests', 'apartment', '3', '30', '2', '11');
INSERT INTO `airbnb`.`apartment` (`id`, `apartment_description`, `type`, `number_of_guests`, `price`, `user_id`, `city_id`) VALUES ('84', 'Big beautiful apartment', 'apartment', '4', '35', '3', '11');
INSERT INTO `airbnb`.`apartment` (`id`, `apartment_description`, `type`, `number_of_guests`, `price`, `user_id`, `city_id`) VALUES ('85', 'Apartment for 4 guests near the central street', 'apartment', '4', '36', '3', '11');
INSERT INTO `airbnb`.`apartment` (`id`, `apartment_description`, `type`, `number_of_guests`, `price`, `user_id`, `city_id`) VALUES ('86', 'Place for a night for travellers', 'place', '1', '10', '3', '11');
INSERT INTO `airbnb`.`apartment` (`id`, `apartment_description`, `type`, `number_of_guests`, `price`, `user_id`, `city_id`) VALUES ('87', 'Nice place to stay', 'place', '1', '14', '4', '11');
INSERT INTO `airbnb`.`apartment` (`id`, `apartment_description`, `type`, `number_of_guests`, `price`, `user_id`, `city_id`) VALUES ('88', 'Room for 1 person', 'room', '1', '20', '4', '11');
INSERT INTO `airbnb`.`apartment` (`id`, `apartment_description`, `type`, `number_of_guests`, `price`, `user_id`, `city_id`) VALUES ('89', 'Nice room in city center', 'room', '2', '20', '2', '12');
INSERT INTO `airbnb`.`apartment` (`id`, `apartment_description`, `type`, `number_of_guests`, `price`, `user_id`, `city_id`) VALUES ('90', 'Room near city garden', 'room', '2', '22', '2', '12');
INSERT INTO `airbnb`.`apartment` (`id`, `apartment_description`, `type`, `number_of_guests`, `price`, `user_id`, `city_id`) VALUES ('91', 'Apartment for 3 guests', 'apartment', '3', '30', '2', '12');
INSERT INTO `airbnb`.`apartment` (`id`, `apartment_description`, `type`, `number_of_guests`, `price`, `user_id`, `city_id`) VALUES ('92', 'Big beautiful apartment', 'apartment', '4', '35', '3', '12');
INSERT INTO `airbnb`.`apartment` (`id`, `apartment_description`, `type`, `number_of_guests`, `price`, `user_id`, `city_id`) VALUES ('93', 'Apartment for 4 guests near the central street', 'apartment', '4', '36', '3', '12');
INSERT INTO `airbnb`.`apartment` (`id`, `apartment_description`, `type`, `number_of_guests`, `price`, `user_id`, `city_id`) VALUES ('94', 'Place for a night for travellers', 'place', '1', '10', '3', '12');
INSERT INTO `airbnb`.`apartment` (`id`, `apartment_description`, `type`, `number_of_guests`, `price`, `user_id`, `city_id`) VALUES ('95', 'Nice place to stay', 'place', '1', '14', '4', '12');
INSERT INTO `airbnb`.`apartment` (`id`, `apartment_description`, `type`, `number_of_guests`, `price`, `user_id`, `city_id`) VALUES ('96', 'Room for 1 person', 'room', '1', '20', '4', '12');
INSERT INTO `airbnb`.`apartment` (`id`, `apartment_description`, `type`, `number_of_guests`, `price`, `user_id`, `city_id`) VALUES ('97', 'Nice room in city center', 'room', '2', '20', '2', '13');
INSERT INTO `airbnb`.`apartment` (`id`, `apartment_description`, `type`, `number_of_guests`, `price`, `user_id`, `city_id`) VALUES ('98', 'Room near city garden', 'room', '2', '22', '2', '13');
INSERT INTO `airbnb`.`apartment` (`id`, `apartment_description`, `type`, `number_of_guests`, `price`, `user_id`, `city_id`) VALUES ('99', 'Apartment for 3 guests', 'apartment', '3', '30', '2', '13');
INSERT INTO `airbnb`.`apartment` (`id`, `apartment_description`, `type`, `number_of_guests`, `price`, `user_id`, `city_id`) VALUES ('100', 'Big beautiful apartment', 'apartment', '4', '35', '3', '13');
INSERT INTO `airbnb`.`apartment` (`id`, `apartment_description`, `type`, `number_of_guests`, `price`, `user_id`, `city_id`) VALUES ('101', 'Apartment for 4 guests near the central street', 'apartment', '4', '36', '3', '13');
INSERT INTO `airbnb`.`apartment` (`id`, `apartment_description`, `type`, `number_of_guests`, `price`, `user_id`, `city_id`) VALUES ('102', 'Place for a night for travellers', 'place', '1', '10', '3', '13');
INSERT INTO `airbnb`.`apartment` (`id`, `apartment_description`, `type`, `number_of_guests`, `price`, `user_id`, `city_id`) VALUES ('103', 'Nice place to stay', 'place', '1', '14', '4', '13');
INSERT INTO `airbnb`.`apartment` (`id`, `apartment_description`, `type`, `number_of_guests`, `price`, `user_id`, `city_id`) VALUES ('104', 'Room for 1 person', 'room', '1', '20', '4', '13');
INSERT INTO `airbnb`.`apartment` (`id`, `apartment_description`, `type`, `number_of_guests`, `price`, `user_id`, `city_id`) VALUES ('105', 'Nice room in city center', 'room', '2', '20', '2', '14');
INSERT INTO `airbnb`.`apartment` (`id`, `apartment_description`, `type`, `number_of_guests`, `price`, `user_id`, `city_id`) VALUES ('106', 'Room near city garden', 'room', '2', '22', '2', '14');
INSERT INTO `airbnb`.`apartment` (`id`, `apartment_description`, `type`, `number_of_guests`, `price`, `user_id`, `city_id`) VALUES ('107', 'Apartment for 3 guests', 'apartment', '3', '30', '2', '14');
INSERT INTO `airbnb`.`apartment` (`id`, `apartment_description`, `type`, `number_of_guests`, `price`, `user_id`, `city_id`) VALUES ('108', 'Big beautiful apartment', 'apartment', '4', '35', '3', '14');
INSERT INTO `airbnb`.`apartment` (`id`, `apartment_description`, `type`, `number_of_guests`, `price`, `user_id`, `city_id`) VALUES ('109', 'Apartment for 4 guests near the central street', 'apartment', '4', '36', '3', '14');
INSERT INTO `airbnb`.`apartment` (`id`, `apartment_description`, `type`, `number_of_guests`, `price`, `user_id`, `city_id`) VALUES ('110', 'Place for a night for travellers', 'place', '1', '10', '3', '14');
INSERT INTO `airbnb`.`apartment` (`id`, `apartment_description`, `type`, `number_of_guests`, `price`, `user_id`, `city_id`) VALUES ('111', 'Nice place to stay', 'place', '1', '14', '4', '14');
INSERT INTO `airbnb`.`apartment` (`id`, `apartment_description`, `type`, `number_of_guests`, `price`, `user_id`, `city_id`) VALUES ('112', 'Room for 1 person', 'room', '1', '20', '4', '14');
INSERT INTO `airbnb`.`apartment` (`id`, `apartment_description`, `type`, `number_of_guests`, `price`, `user_id`, `city_id`) VALUES ('113', 'Nice room in city center', 'room', '2', '20', '2', '16');
INSERT INTO `airbnb`.`apartment` (`id`, `apartment_description`, `type`, `number_of_guests`, `price`, `user_id`, `city_id`) VALUES ('114', 'Room near city garden', 'room', '2', '22', '2', '16');
INSERT INTO `airbnb`.`apartment` (`id`, `apartment_description`, `type`, `number_of_guests`, `price`, `user_id`, `city_id`) VALUES ('115', 'Apartment for 3 guests', 'apartment', '3', '30', '2', '16');
INSERT INTO `airbnb`.`apartment` (`id`, `apartment_description`, `type`, `number_of_guests`, `price`, `user_id`, `city_id`) VALUES ('116', 'Big beautiful apartment', 'apartment', '4', '35', '3', '16');
INSERT INTO `airbnb`.`apartment` (`id`, `apartment_description`, `type`, `number_of_guests`, `price`, `user_id`, `city_id`) VALUES ('117', 'Apartment for 4 guests near the central street', 'apartment', '4', '36', '3', '16');
INSERT INTO `airbnb`.`apartment` (`id`, `apartment_description`, `type`, `number_of_guests`, `price`, `user_id`, `city_id`) VALUES ('118', 'Place for a night for travellers', 'place', '1', '10', '3', '16');
INSERT INTO `airbnb`.`apartment` (`id`, `apartment_description`, `type`, `number_of_guests`, `price`, `user_id`, `city_id`) VALUES ('119', 'Nice place to stay', 'place', '1', '14', '4', '16');
INSERT INTO `airbnb`.`apartment` (`id`, `apartment_description`, `type`, `number_of_guests`, `price`, `user_id`, `city_id`) VALUES ('120', 'Room for 1 person', 'room', '1', '20', '4', '16');
INSERT INTO `airbnb`.`apartment` (`id`, `apartment_description`, `type`, `number_of_guests`, `price`, `user_id`, `city_id`) VALUES ('121', 'Nice room in city center', 'room', '2', '20', '2', '17');
INSERT INTO `airbnb`.`apartment` (`id`, `apartment_description`, `type`, `number_of_guests`, `price`, `user_id`, `city_id`) VALUES ('122', 'Room near city garden', 'room', '2', '22', '2', '17');
INSERT INTO `airbnb`.`apartment` (`id`, `apartment_description`, `type`, `number_of_guests`, `price`, `user_id`, `city_id`) VALUES ('123', 'Apartment for 3 guests', 'apartment', '3', '30', '2', '17');
INSERT INTO `airbnb`.`apartment` (`id`, `apartment_description`, `type`, `number_of_guests`, `price`, `user_id`, `city_id`) VALUES ('124', 'Big beautiful apartment', 'apartment', '4', '35', '3', '17');
INSERT INTO `airbnb`.`apartment` (`id`, `apartment_description`, `type`, `number_of_guests`, `price`, `user_id`, `city_id`) VALUES ('125', 'Apartment for 4 guests near the central street', 'apartment', '4', '36', '3', '17');
INSERT INTO `airbnb`.`apartment` (`id`, `apartment_description`, `type`, `number_of_guests`, `price`, `user_id`, `city_id`) VALUES ('126', 'Place for a night for travellers', 'place', '1', '10', '3', '17');
INSERT INTO `airbnb`.`apartment` (`id`, `apartment_description`, `type`, `number_of_guests`, `price`, `user_id`, `city_id`) VALUES ('127', 'Nice place to stay', 'place', '1', '14', '4', '17');
INSERT INTO `airbnb`.`apartment` (`id`, `apartment_description`, `type`, `number_of_guests`, `price`, `user_id`, `city_id`) VALUES ('128', 'Room for 1 person', 'room', '1', '20', '4', '17');
INSERT INTO `airbnb`.`apartment` (`id`, `apartment_description`, `type`, `number_of_guests`, `price`, `user_id`, `city_id`) VALUES ('129', 'Nice room in city center', 'room', '2', '20', '2', '18');
INSERT INTO `airbnb`.`apartment` (`id`, `apartment_description`, `type`, `number_of_guests`, `price`, `user_id`, `city_id`) VALUES ('130', 'Room near city garden', 'room', '2', '22', '2', '18');
INSERT INTO `airbnb`.`apartment` (`id`, `apartment_description`, `type`, `number_of_guests`, `price`, `user_id`, `city_id`) VALUES ('131', 'Apartment for 3 guests', 'apartment', '3', '30', '2', '18');
INSERT INTO `airbnb`.`apartment` (`id`, `apartment_description`, `type`, `number_of_guests`, `price`, `user_id`, `city_id`) VALUES ('132', 'Big beautiful apartment', 'apartment', '4', '35', '3', '18');
INSERT INTO `airbnb`.`apartment` (`id`, `apartment_description`, `type`, `number_of_guests`, `price`, `user_id`, `city_id`) VALUES ('133', 'Apartment for 4 guests near the central street', 'apartment', '4', '36', '3', '18');
INSERT INTO `airbnb`.`apartment` (`id`, `apartment_description`, `type`, `number_of_guests`, `price`, `user_id`, `city_id`) VALUES ('134', 'Place for a night for travellers', 'place', '1', '10', '3', '18');
INSERT INTO `airbnb`.`apartment` (`id`, `apartment_description`, `type`, `number_of_guests`, `price`, `user_id`, `city_id`) VALUES ('135', 'Nice place to stay', 'place', '1', '14', '4', '18');
INSERT INTO `airbnb`.`apartment` (`id`, `apartment_description`, `type`, `number_of_guests`, `price`, `user_id`, `city_id`) VALUES ('136', 'Room for 1 person', 'room', '1', '20', '4', '18');
INSERT INTO `airbnb`.`apartment` (`id`, `apartment_description`, `type`, `number_of_guests`, `price`, `user_id`, `city_id`) VALUES ('137', 'Nice room in city center', 'room', '2', '20', '2', '19');
INSERT INTO `airbnb`.`apartment` (`id`, `apartment_description`, `type`, `number_of_guests`, `price`, `user_id`, `city_id`) VALUES ('138', 'Room near city garden', 'room', '2', '22', '2', '19');
INSERT INTO `airbnb`.`apartment` (`id`, `apartment_description`, `type`, `number_of_guests`, `price`, `user_id`, `city_id`) VALUES ('139', 'Apartment for 3 guests', 'apartment', '3', '30', '2', '19');
INSERT INTO `airbnb`.`apartment` (`id`, `apartment_description`, `type`, `number_of_guests`, `price`, `user_id`, `city_id`) VALUES ('140', 'Big beautiful apartment', 'apartment', '4', '35', '3', '19');
INSERT INTO `airbnb`.`apartment` (`id`, `apartment_description`, `type`, `number_of_guests`, `price`, `user_id`, `city_id`) VALUES ('141', 'Apartment for 4 guests near the central street', 'apartment', '4', '36', '3', '19');
INSERT INTO `airbnb`.`apartment` (`id`, `apartment_description`, `type`, `number_of_guests`, `price`, `user_id`, `city_id`) VALUES ('142', 'Place for a night for travellers', 'place', '1', '10', '3', '19');
INSERT INTO `airbnb`.`apartment` (`id`, `apartment_description`, `type`, `number_of_guests`, `price`, `user_id`, `city_id`) VALUES ('143', 'Nice place to stay', 'place', '1', '14', '4', '19');
INSERT INTO `airbnb`.`apartment` (`id`, `apartment_description`, `type`, `number_of_guests`, `price`, `user_id`, `city_id`) VALUES ('144', 'Room for 1 person', 'room', '1', '20', '4', '19');
INSERT INTO `airbnb`.`apartment` (`id`, `apartment_description`, `type`, `number_of_guests`, `price`, `user_id`, `city_id`) VALUES ('145', 'Nice room in city center', 'room', '2', '20', '2', '20');
INSERT INTO `airbnb`.`apartment` (`id`, `apartment_description`, `type`, `number_of_guests`, `price`, `user_id`, `city_id`) VALUES ('146', 'Room near city garden', 'room', '2', '22', '2', '20');
INSERT INTO `airbnb`.`apartment` (`id`, `apartment_description`, `type`, `number_of_guests`, `price`, `user_id`, `city_id`) VALUES ('147', 'Apartment for 3 guests', 'apartment', '3', '30', '2', '20');
INSERT INTO `airbnb`.`apartment` (`id`, `apartment_description`, `type`, `number_of_guests`, `price`, `user_id`, `city_id`) VALUES ('148', 'Big beautiful apartment', 'apartment', '4', '35', '3', '20');
INSERT INTO `airbnb`.`apartment` (`id`, `apartment_description`, `type`, `number_of_guests`, `price`, `user_id`, `city_id`) VALUES ('149', 'Apartment for 4 guests near the central street', 'apartment', '4', '36', '3', '20');
INSERT INTO `airbnb`.`apartment` (`id`, `apartment_description`, `type`, `number_of_guests`, `price`, `user_id`, `city_id`) VALUES ('150', 'Place for a night for travellers', 'place', '1', '10', '3', '20');
INSERT INTO `airbnb`.`apartment` (`id`, `apartment_description`, `type`, `number_of_guests`, `price`, `user_id`, `city_id`) VALUES ('151', 'Nice place to stay', 'place', '1', '14', '4', '20');
INSERT INTO `airbnb`.`apartment` (`id`, `apartment_description`, `type`, `number_of_guests`, `price`, `user_id`, `city_id`) VALUES ('152', 'Room for 1 person', 'room', '1', '20', '4', '20');
INSERT INTO `airbnb`.`apartment` (`id`, `apartment_description`, `type`, `number_of_guests`, `price`, `user_id`, `city_id`) VALUES ('153', 'Nice room in city center', 'room', '2', '20', '2', '21');
INSERT INTO `airbnb`.`apartment` (`id`, `apartment_description`, `type`, `number_of_guests`, `price`, `user_id`, `city_id`) VALUES ('154', 'Room near city garden', 'room', '2', '22', '2', '21');
INSERT INTO `airbnb`.`apartment` (`id`, `apartment_description`, `type`, `number_of_guests`, `price`, `user_id`, `city_id`) VALUES ('155', 'Apartment for 3 guests', 'apartment', '3', '30', '2', '21');
INSERT INTO `airbnb`.`apartment` (`id`, `apartment_description`, `type`, `number_of_guests`, `price`, `user_id`, `city_id`) VALUES ('156', 'Big beautiful apartment', 'apartment', '4', '35', '3', '21');
INSERT INTO `airbnb`.`apartment` (`id`, `apartment_description`, `type`, `number_of_guests`, `price`, `user_id`, `city_id`) VALUES ('157', 'Apartment for 4 guests near the central street', 'apartment', '4', '36', '3', '21');
INSERT INTO `airbnb`.`apartment` (`id`, `apartment_description`, `type`, `number_of_guests`, `price`, `user_id`, `city_id`) VALUES ('158', 'Place for a night for travellers', 'place', '1', '10', '3', '21');
INSERT INTO `airbnb`.`apartment` (`id`, `apartment_description`, `type`, `number_of_guests`, `price`, `user_id`, `city_id`) VALUES ('159', 'Nice place to stay', 'place', '1', '14', '4', '21');
INSERT INTO `airbnb`.`apartment` (`id`, `apartment_description`, `type`, `number_of_guests`, `price`, `user_id`, `city_id`) VALUES ('160', 'Room for 1 person', 'room', '1', '20', '4', '21');
INSERT INTO `airbnb`.`apartment` (`id`, `apartment_description`, `type`, `number_of_guests`, `price`, `user_id`, `city_id`) VALUES ('161', 'Nice room in city center', 'room', '2', '20', '2', '15');
INSERT INTO `airbnb`.`apartment` (`id`, `apartment_description`, `type`, `number_of_guests`, `price`, `user_id`, `city_id`) VALUES ('162', 'Room near city garden', 'room', '2', '22', '2', '15');
INSERT INTO `airbnb`.`apartment` (`id`, `apartment_description`, `type`, `number_of_guests`, `price`, `user_id`, `city_id`) VALUES ('163', 'Apartment for 3 guests', 'apartment', '3', '30', '2', '15');
INSERT INTO `airbnb`.`apartment` (`id`, `apartment_description`, `type`, `number_of_guests`, `price`, `user_id`, `city_id`) VALUES ('164', 'Big beautiful apartment', 'apartment', '4', '35', '3', '15');
INSERT INTO `airbnb`.`apartment` (`id`, `apartment_description`, `type`, `number_of_guests`, `price`, `user_id`, `city_id`) VALUES ('165', 'Apartment for 4 guests near the central street', 'apartment', '4', '36', '3', '15');
INSERT INTO `airbnb`.`apartment` (`id`, `apartment_description`, `type`, `number_of_guests`, `price`, `user_id`, `city_id`) VALUES ('166', 'Place for a night for travellers', 'place', '1', '10', '3', '15');
INSERT INTO `airbnb`.`apartment` (`id`, `apartment_description`, `type`, `number_of_guests`, `price`, `user_id`, `city_id`) VALUES ('167', 'Nice place to stay', 'place', '1', '14', '4', '15');
INSERT INTO `airbnb`.`apartment` (`id`, `apartment_description`, `type`, `number_of_guests`, `price`, `user_id`, `city_id`) VALUES ('168', 'Room for 1 person', 'room', '1', '20', '4', '15');
